1921,???
2839,???
1942,???
1202,???
3761,???
3704,???
3501,???
3918,???
1907,???
3803,???
2208,???
2368,???
3435,???
1294,???
2661,???
1305,???
3478,???
975,???
1849,???
3390,???
3310,???
2404,???
2939,???
1368,???
1855,???
2445,???
3807,???
1598,???
2917,???
2704,???
1857,???
3141,???
2544,???
3175,???
416,???
2021,???
2909,???
316,???
1763,???
2310,???
1662,???
144,???
3522,???
141,???
3180,???
1964,???
396,???
2098,???
1512,???
2335,???
1965,???
695,???
3208,???
22,???
1721,???
3014,???
3776,???
1896,???
2015,???
3024,???
2520,???
2471,???
1529,???
2990,???
2064,???
1871,???
3484,???
3467,???
658,???
3468,???
1183,???
337,???
2786,???
2659,???
1312,???
3394,???
631,???
1550,???
639,???
1698,???
1597,???
2516,???
2974,???
2467,???
3637,???
3861,???
1890,???
1978,???
3994,???
2019,???
1688,???
2789,???
827,???
3259,???
3915,???
3463,???
2952,???
1541,???
1220,???
1333,???
3628,???
3997,???
770,???
810,???
1117,???
2965,???
3921,???
1605,???
2837,???
3290,???
3999,???
302,???
3277,???
3726,???
482,???
3566,???
3751,???
32,???
2799,???
3770,???
1833,???
3017,???
3877,???
3491,???
3038,???
3813,???
1380,???
2507,???
1672,???
356,???
175,???
440,???
2389,???
3899,???
3046,???
3970,???
1538,???
155,???
89,???
3280,???
2356,???
69,???
2481,???
602,???
2931,???
1432,???
1378,???
348,???
3474,???
1006,???
1414,???
3055,???
507,???
3786,???
3708,???
2518,???
2716,???
794,???
2575,???
256,???
2052,???
3746,???
25,???
766,???
3398,???
2915,???
287,???
652,???
1993,???
2051,???
2434,???
221,???
2173,???
1679,???
3617,???
1664,???
2662,???
1906,???
3831,???
3942,???
3372,???
3524,???
1876,???
1433,???
3062,???
1873,???
3922,???
1847,???
3927,???
1013,???
2528,???
3155,???
3733,???
209,???
3870,???
55,???
2634,???
3380,???
3605,???
3727,???
3500,???
3789,???
3871,???
1639,???
1726,???
1576,???
2489,???
798,???
3176,???
1941,???
2700,???
1256,???
1173,???
3620,???
2010,???
960,???
3682,???
1545,???
2872,???
133,???
1537,???
3426,???
3193,???
1357,???
3834,???
2395,???
435,???
1457,???
2350,???
3612,???
1854,???
3596,???
3204,???
2495,???
1574,???
635,???
3678,???
3826,???
2290,???
2738,???
2604,???
1912,???
3128,???
3584,???
3134,???
1705,???
1196,???
3288,???
1493,???
3336,???
3633,???
3874,???
771,???
3471,???
2900,???
2160,???
433,???
3012,???
976,???
3173,???
2108,???
1126,???
3644,???
2323,???
646,???
687,???
1147,???
324,???
2105,???
3631,???
3274,???
1945,???
530,???
1388,???
772,???
2996,???
333,???
3318,???
2891,???
279,???
357,???
1041,???
3787,???
3897,???
2363,???
1214,???
2113,???
3400,???
1497,???
854,???
1968,???
643,???
808,???
3403,???
71,???
1453,???
3178,???
3525,???
3568,???
3839,???
2797,???
3856,???
3858,???
3,???
513,???
3983,???
3183,???
1892,???
2040,???
1450,???
1186,???
1785,???
2812,???
1584,???
234,???
3407,???
2718,???
2935,???
3482,???
3878,???
615,???
2646,???
306,???
92,???
600,???
1053,???
3530,???
411,???
2878,???
2680,???
2785,???
1047,???
2975,???
890,???
961,???
920,???
2171,???
512,???
2921,???
1476,???
3455,???
3981,???
1158,???
3291,???
1458,???
3358,???
2423,???
1565,???
1264,???
293,???
3947,???
210,???
1080,???
1883,???
3401,???
692,???
1308,???
2196,???
1481,???
3464,???
1230,???
905,???
3881,???
3098,???
2639,???
3825,???
1648,???
2509,???
2057,???
3135,???
1007,???
1727,???
2672,???
2244,???
3544,???
2660,???
2159,???
3270,???
3900,???
3445,???
1326,???
2601,???
3303,???
502,???
933,???
1382,???
3346,???
2910,???
358,???
389,???
3108,???
698,???
3207,???
2554,???
733,???
1524,???
1179,???
3262,???
342,???
2433,???
1631,???
54,???
1473,???
612,???
3795,???
1100,???
2275,???
3597,???
1119,???
1274,???
2897,???
3801,???
3217,???
1430,???
3891,???
1697,???
1878,???
200,???
2501,???
3794,???
3913,???
2541,???
2464,???
360,???
3580,???
3735,???
3093,???
2654,???
1816,???
1612,???
1851,???
3059,???
1280,???
1842,???
3864,???
1939,???
2843,???
2652,???
1583,???
1825,???
407,???
3652,???
677,???
1352,???
1998,???
3890,???
2426,???
2669,???
872,???
2748,???
534,???
977,???
2887,???
3656,???
2182,???
3701,???
7,???
1693,???
3779,???
127,???
426,???
1028,???
2707,???
1604,???
1228,???
1695,???
3016,???
1636,???
3266,???
2615,???
2390,???
344,???
227,???
3276,???
2947,???
564,???
1395,???
1710,???
1469,???
1267,???
399,???
3080,???
2648,???
1628,???
3685,???
725,???
3089,???
705,???
340,???
3119,???
1684,???
974,???
3579,???
1728,???
1556,???
1786,???
2899,???
62,???
2936,???
1996,???
3585,???
780,???
1263,???
3731,???
2357,???
315,???
3469,???
20,???
392,???
3242,???
1039,???
3043,???
3295,???
1522,???
3279,???
1632,???
527,???
271,???
2146,???
1665,???
454,???
857,???
2943,???
3519,???
3729,???
3886,???
592,???
2412,???
3182,???
2326,???
2205,???
3508,???
3475,???
3104,???
2074,???
1066,???
3630,???
1381,???
417,???
3168,???
3730,???
2225,???
1758,???
1606,???
3255,???
3332,???
2485,???
1105,???
3592,???
1058,???
300,???
2736,???
1704,???
2460,???
1644,???
3229,???
2779,???
1033,???
745,???
626,???
3234,???
544,???
1459,???
1315,???
3882,???
1494,???
2442,???
2346,???
1310,???
1917,???
3072,???
765,???
3355,???
3238,???
467,???
2242,???
2521,???
609,???
566,???
730,???
1590,???
3249,???
900,???
1421,???
1568,???
553,???
2264,???
525,???
682,???
2735,???
2002,???
1955,???
3186,???
320,???
633,???
1042,???
1525,???
1425,???
2610,???
2127,???
378,???
1168,???
3655,???
292,???
2563,???
468,???
2153,???
3681,???
3902,???
848,???
3677,???
2811,???
3139,???
1858,???
3687,???
2908,???
1050,???
3465,???
3964,???
2954,???
2679,???
2262,???
2027,???
1149,???
758,???
809,???
2739,???
2316,???
3109,???
3738,???
2364,???
1085,???
3565,???
3610,???
3147,???
380,???
2128,???
1853,???
921,???
1345,???
2322,???
39,???
1865,???
2826,???
2125,???
2678,???
983,???
1278,???
73,???
1266,???
1138,???
3050,???
2248,???
203,???
1789,???
3172,???
2192,???
2100,???
3199,???
2717,???
371,???
3775,???
3219,???
161,???
1649,???
840,???
1279,???
1747,???
1915,???
2121,???
932,???
3321,???
1247,???
3309,???
663,???
469,???
3718,???
2332,???
2567,???
263,???
1702,???
656,???
3244,???
749,???
2478,???
1546,???
533,???
688,???
1470,???
1077,???
181,???
1888,???
3793,???
3912,???
423,???
3833,???
2713,???
2189,???
2063,???
3982,???
885,???
1951,???
953,???
1327,???
2919,???
3304,???
1708,???
1666,???
638,???
1618,???
1261,???
2270,???
3747,???
2409,???
2462,???
2175,???
3311,???
428,???
2336,???
1654,???
875,???
2941,???
2176,???
2697,???
2403,???
225,???
2807,???
3418,???
1837,???
3957,???
2964,???
2,???
3953,???
1814,???
1511,???
3757,???
2973,???
867,???
1219,???
3365,???
2239,???
2879,???
2540,???
2905,???
3267,???
1927,???
2136,???
1812,???
2986,???
869,???
702,???
2055,???
3851,???
2305,???
1236,???
3000,???
2863,???
1375,???
2484,???
2743,???
3248,???
1023,???
1386,???
1926,???
3948,???
1008,???
1781,???
3130,???
1020,???
1272,???
1582,???
91,???
2223,???
3438,???
3608,???
2144,???
524,???
2001,???
1581,???
2437,???
2734,???
2946,???
267,???
455,???
3847,???
726,???
2022,???
1171,???
1940,???
1908,???
1732,???
1840,???
1203,???
3542,???
3823,???
1929,???
2497,???
3187,???
2382,???
1420,???
1145,???
586,???
1630,???
2720,???
3495,???
1503,???
2933,???
1225,???
3111,???
1078,???
585,???
3436,???
2213,???
2757,???
190,???
2844,???
3798,???
3797,???
1371,???
2503,???
355,???
575,???
2619,???
1919,???
3032,???
3354,???
3989,???
245,???
3992,???
1500,???
349,???
51,???
3623,???
1423,???
346,???
908,???
1867,???
2274,???
520,???
2337,???
53,???
1848,???
3427,???
1700,???
3308,???
1441,???
3002,???
807,???
400,???
3743,???
2845,???
415,???
2284,???
1838,???
1452,???
153,???
2399,???
802,???
2810,???
3096,???
2117,???
793,???
1376,???
1060,???
2963,???
3286,???
169,???
2508,???
477,???
370,???
2158,???
2177,???
3509,???
2414,???
2060,???
3449,???
2463,???
3235,???
3008,???
3325,???
436,???
321,???
2612,???
44,???
3430,???
2304,???
1603,???
75,???
3215,???
2238,???
716,???
1012,???
830,???
1384,???
65,???
3547,???
1014,???
1268,???
405,???
3302,???
3821,???
3827,???
3368,???
2692,???
715,???
2861,???
3105,???
1130,???
2675,???
3437,???
724,???
2341,???
1860,???
2957,???
2934,???
2089,???
1937,???
1331,???
2632,???
1638,???
2886,???
1188,???
3152,???
2367,???
19,???
3211,???
1428,???
800,???
2008,???
1480,???
2470,???
2596,???
3706,???
2555,???
789,???
2091,???
2960,???
1027,???
3323,???
2667,???
2033,???
30,???
3763,???
3802,???
3457,???
3824,???
795,???
235,???
68,???
1218,???
2092,???
3764,???
3649,???
1834,???
495,???
2729,???
2007,???
1486,???
2618,???
2255,???
3114,???
3086,???
2744,???
3756,???
3236,???
1881,???
3470,???
106,???
323,???
1065,???
2124,???
2627,???
1820,???
3820,???
590,???
673,???
718,???
3061,???
1579,???
3611,???
126,???
109,???
2049,???
1073,???
1401,???
2111,???
2992,???
2115,???
3296,???
2079,???
2393,???
2966,???
1764,???
3027,???
1109,???
1332,???
587,???
476,???
1464,???
3887,???
3370,???
159,???
642,???
3189,???
90,???
3639,???
439,???
662,???
2902,???
222,???
471,???
2419,???
669,???
1992,???
2231,???
3366,???
2169,???
2311,???
951,???
3011,???
607,???
2090,???
3383,???
367,???
2199,???
1934,???
3940,???
2781,???
3635,???
363,???
3741,???
3454,???
3911,???
3379,???
1471,???
1116,???
3855,???
1974,???
3586,???
362,???
1034,???
1544,???
2890,???
1475,???
1478,???
913,???
3853,???
1302,???
1678,???
1111,???
2211,???
369,???
742,???
591,???
3616,???
3351,???
1730,???
248,???
3347,???
3960,???
434,???
398,???
883,???
1353,???
750,???
3505,???
1805,???
2505,???
911,???
1299,???
2834,???
2038,???
1580,???
1922,???
1213,???
3966,???
334,???
1323,???
1180,???
689,???
2348,???
3076,???
255,???
3352,???
2461,???
549,???
98,???
3684,???
1799,???
629,???
1083,???
2443,???
3987,???
3582,???
3116,???
1963,???
2218,???
2608,???
188,???
3107,???
3606,???
2838,???
1566,???
1296,???
1081,???
2298,???
889,???
1177,???
1977,???
1523,???
522,???
3281,???
2317,???
1113,???
2439,???
1155,???
145,???
2420,???
644,???
3668,???
1406,???
2506,???
806,???
971,???
923,???
347,???
499,???
3149,???
781,???
1504,???
1633,???
2746,???
2854,???
479,???
3140,???
783,???
2777,???
93,???
3299,???
2972,???
284,???
1048,???
1472,???
1135,???
1707,???
2823,???
3502,???
2355,???
1468,???
3935,???
3409,???
2325,???
3045,???
1011,???
110,???
573,???
2804,???
3413,???
3123,???
2120,???
2552,???
1328,???
924,???
3345,???
3009,???
2472,???
2930,???
3721,???
583,???
1943,???
818,???
2991,???
43,???
2583,???
3916,???
2370,???
3924,???
1271,???
1140,???
727,???
3154,???
2259,???
1742,???
973,???
3049,???
1663,???
1001,???
2848,???
3097,???
2821,???
532,???
914,???
2250,???
1251,???
3239,???
1192,???
2731,???
2266,???
2732,???
2297,???
3312,???
1004,???
1754,???
114,???
2048,???
3819,???
2539,???
1212,???
1739,???
2833,???
1309,???
664,???
3082,???
899,???
2378,???
2006,???
2253,???
408,???
3790,???
101,???
2353,???
1440,???
775,???
896,???
3907,???
546,???
3095,???
1657,???
3476,???
297,???
855,???
657,???
1097,???
3241,???
2073,???
3533,???
2185,???
1729,???
1166,???
3799,???
492,???
1108,???
1224,???
1018,???
2740,???
552,???
351,???
608,???
822,???
2383,???
3369,???
74,???
1585,???
2278,???
105,???
82,???
1160,???
3943,???
385,???
940,???
2929,???
228,???
2347,???
1390,???
696,???
420,???
3042,???
1770,???
142,???
3486,???
352,???
3210,???
1973,???
1551,???
2676,???
2758,???
1221,???
753,???
2856,???
2599,???
1573,???
2307,???
150,???
729,???
3938,???
3177,???
1997,???
250,???
195,???
217,???
1947,???
3672,???
891,???
1652,???
1699,???
1096,???
3860,???
1265,???
1835,???
1766,???
578,???
2292,???
2783,???
832,???
571,???
1689,???
1586,???
2529,???
2874,???
2408,???
1176,???
2594,???
597,???
3127,???
628,???
3197,???
465,???
2112,???
3792,???
3925,???
2190,???
2469,???
2955,???
918,???
744,???
751,???
17,???
3224,???
1082,???
3696,???
3223,???
2227,???
2628,???
2981,???
1056,???
509,???
1553,???
3319,???
1178,???
2396,???
2210,???
2550,???
2880,???
3021,???
678,???
2137,???
535,???
3869,???
2768,???
211,???
2727,???
3766,???
3040,???
947,???
2251,???
2566,???
1032,???
2906,???
1075,???
2857,???
3041,???
1009,???
1227,???
3377,???
3929,???
2321,???
3600,???
1238,???
2702,???
3625,???
3305,???
786,???
1253,???
3615,???
2475,???
837,???
3331,???
2998,???
563,???
3980,???
3297,???
1064,???
685,???
1122,???
2806,???
2924,???
233,???
2889,???
327,???
1204,???
1520,???
892,???
1461,???
2568,???
373,???
2914,???
1756,???
1015,???
3903,???
3626,???
377,???
2913,???
950,???
1526,???
2534,???
2728,???
3840,???
1643,???
1761,???
3265,???
3551,???
834,???
500,???
1610,???
3653,???
2820,???
3278,???
3071,???
3619,???
2918,???
3068,???
1875,???
782,???
3971,???
1591,???
1348,???
699,???
1093,???
3772,???
3075,???
1980,???
2180,???
1845,???
668,???
2592,???
3150,???
2580,???
3510,???
1674,???
2229,???
557,???
1792,???
993,???
1673,???
1288,???
1782,???
2082,???
1741,???
3737,???
815,???
81,???
2106,???
1668,???
3991,???
2715,???
481,???
752,???
312,???
2315,???
3349,???
3905,???
170,???
2588,???
3497,???
3837,???
1778,???
1193,???
2764,???
1393,???
2916,???
1930,???
3762,???
3865,???
3593,???
2630,???
3283,???
449,???
3156,???
2606,???
3969,???
3511,???
162,???
138,???
3034,???
1438,???
728,???
1466,???
748,???
963,???
3404,???
3640,???
1306,???
2343,???
2693,???
2327,???
930,???
3412,???
1463,???
2045,???
3846,???
1914,???
3124,???
2152,???
3854,???
1564,???
2977,???
60,???
117,???
2607,???
86,???
2881,???
852,???
1909,???
1101,???
1242,???
2578,???
893,???
919,???
3909,???
1446,???
2422,???
3485,???
3143,???
1897,???
326,???
1916,???
2682,???
2432,???
3292,???
1245,???
817,???
3572,???
651,???
1509,???
1187,???
375,???
1690,???
1625,???
3949,???
873,???
382,???
2999,???
3287,???
1300,???
186,???
3873,???
3632,???
2053,???
1957,???
2752,???
1134,???
3222,???
2028,???
3849,???
2139,???
461,???
3536,???
2937,???
2904,???
1259,???
1694,???
1190,???
1172,???
3313,???
1239,???
85,???
331,???
1418,???
3087,???
2013,???
2819,???
45,???
1821,???
1400,???
3337,???
967,???
2016,???
874,???
230,???
2709,???
242,???
1818,???
618,???
3526,???
394,???
2776,???
2386,???
3950,???
1552,???
1426,???
1403,???
1830,???
3275,???
2380,???
2800,???
296,???
3830,???
3282,???
3961,???
2553,???
1822,???
2677,???
713,???
2925,???
2773,???
2868,???
2970,???
787,???
683,???
204,???
2581,???
270,???
215,???
2458,???
1291,???
1874,???
2301,???
1026,???
3753,???
2711,???
2359,???
2331,???
173,???
2318,???
2133,???
659,???
3419,???
1771,???
735,???
620,???
2402,???
842,???
473,???
1629,???
3977,???
3025,???
1297,???
1244,???
47,???
3110,???
3047,???
2726,???
1563,???
2513,???
2452,???
3269,???
3146,???
2385,???
3643,???
706,???
3841,???
2665,???
3602,???
2903,???
3477,???
2142,???
2046,???
3666,???
1600,???
2226,???
2151,???
1086,???
1593,???
2441,???
3954,???
3965,???
2198,???
1252,???
1984,???
174,???
528,???
1465,???
2269,???
2435,???
625,???
3845,???
2077,???
623,???
3952,???
3357,???
1289,???
1850,???
548,???
2524,???
146,???
3408,???
2790,???
3120,???
3227,???
1246,???
1233,???
1044,???
1362,???
1791,???
3166,???
164,???
2257,???
3506,???
1506,???
1759,???
3698,???
941,???
637,???
1975,???
3424,???
3688,???
1658,???
2818,???
2557,???
3607,???
3452,???
886,???
3768,???
99,???
529,???
1831,???
853,???
3185,???
1074,???
409,???
2061,???
1793,???
3932,???
3057,???
992,???
1627,???
3084,???
1313,???
1757,???
2197,???
3201,???
3518,???
2288,???
374,???
1768,???
2454,???
2549,???
1304,???
2088,???
2635,???
3060,???
2260,???
3646,???
214,???
2168,???
2603,???
183,???
3614,???
820,???
40,???
2827,???
2808,???
3039,???
3676,???
3481,???
3385,???
3782,???
452,???
1508,???
537,???
2570,???
1284,???
684,???
1634,???
1211,???
1775,???
78,???
3462,???
3532,???
565,???
2784,???
846,???
878,???
2217,???
3103,???
1719,???
1154,???
177,???
719,???
3689,???
1670,???
406,???
2989,???
3221,???
3857,???
3480,???
2754,???
2207,???
2212,???
2942,???
3591,???
2080,???
3988,???
2130,???
418,???
2254,???
1651,???
104,???
3397,???
1424,???
3896,???
1543,???
843,???
1216,???
2759,???
1882,???
968,???
94,???
3158,???
11,???
2698,???
2035,???
2846,???
929,???
3356,???
220,???
3083,???
1200,???
3489,???
1887,???
1059,???
763,???
3622,???
1437,???
2488,???
3381,???
1347,???
989,???
2413,???
1836,???
1587,???
2745,???
2770,???
2083,???
1067,???
2449,???
995,???
1949,???
2577,???
2405,???
1773,???
2526,???
805,???
3590,???
3599,???
489,???
493,???
3613,???
2194,???
84,???
404,???
2673,???
3371,???
2600,???
2725,???
1682,???
732,???
332,???
3742,???
3214,???
1931,???
2971,???
1076,???
152,???
1201,???
97,???
457,???
3780,???
3343,???
3862,???
3777,???
2994,???
134,???
504,???
1823,???
3504,???
2519,???
1894,???
1349,???
3769,???
756,???
3587,???
1577,???
3968,???
2119,???
1139,???
2912,???
3250,???
283,???
895,???
3126,???
1819,???
3330,???
829,???
2655,???
3033,???
3391,???
2303,???
365,???
2289,???
1185,???
3774,???
3254,???
1419,???
3880,???
3019,???
641,???
2025,???
13,???
2556,???
1554,???
1716,???
3218,???
2313,???
584,???
3192,???
1692,???
1286,???
769,???
894,???
1449,???
2459,???
2216,???
2753,???
3908,???
2980,???
2851,???
2664,???
3064,???
3058,???
2761,???
560,???
2498,???
1037,???
1287,???
2587,???
828,???
2656,???
551,???
430,???
2451,???
2000,???
419,???
2200,???
1548,???
603,???
3543,???
254,???
128,???
184,???
3944,???
3939,???
1601,???
3487,???
1539,???
764,???
2457,???
176,???
1720,???
2018,???
1843,???
1667,???
3673,???
1223,???
978,???
178,???
474,???
2183,???
1567,???
2993,???
1981,???
3560,???
2215,???
446,???
1019,???
2273,???
2782,???
3367,???
2920,???
218,???
2792,???
41,???
2987,???
1615,???
1417,???
1869,???
3663,???
3665,???
2086,???
1025,???
2039,???
3142,???
2597,???
3268,???
2230,???
1547,???
219,???
2071,???
3362,???
1646,???
1954,???
2978,???
3974,???
3256,???
464,???
3917,???
1189,???
1402,???
3339,???
2099,???
1215,???
2157,???
3164,???
3722,???
451,???
1321,???
636,???
2670,???
3063,???
3752,???
8,???
3829,???
773,???
429,???
937,???
330,???
3959,???
1641,???
3179,???
3301,???
226,???
1685,???
3941,???
714,???
2626,???
338,???
588,???
484,???
1991,???
897,???
2938,???
3806,???
3691,???
1237,???
2816,???
376,???
1953,???
3145,???
3976,???
1071,???
1903,???
811,???
1002,???
463,???
366,???
1616,???
2719,???
470,???
2898,???
3198,???
2252,???
2532,???
2267,???
2373,???
1159,???
1952,???
3117,???
3402,???
3967,???
3714,???
2450,???
3828,???
3904,???
2653,???
2512,???
1118,???
76,???
3512,???
1121,???
412,???
3749,???
1317,???
690,???
3144,???
1146,???
1804,???
1784,???
3919,???
1373,???
1619,???
2410,???
3472,???
154,???
694,???
1377,???
1103,???
3334,???
1303,???
922,???
1226,???
3320,???
3852,???
722,???
229,???
589,???
2387,???
1902,???
1696,???
3517,???
928,???
447,???
3115,???
990,???
3554,???
1596,???
3710,???
1124,???
824,???
3527,???
3647,???
1491,???
2075,???
3589,???
498,???
475,???
746,???
56,???
2940,???
2809,???
2114,???
797,???
1029,???
1318,???
1151,???
1070,???
1960,???
2822,???
1295,???
2204,???
1129,???
997,???
3077,???
1607,???
1366,???
199,???
16,???
3100,???
3466,???
2694,???
2951,???
2749,???
35,???
2166,???
3604,???
252,???
1046,???
1277,???
1099,???
3157,???
3601,???
741,???
986,???
2030,???
596,???
3252,???
311,???
258,???
1976,???
3258,???
3859,???
18,???
3461,???
1803,???
799,???
1290,???
1156,???
58,???
1745,???
570,???
2329,???
3415,???
1275,???
2456,???
0,???
3629,???
581,???
1170,???
1322,???
1717,???
1255,???
2793,???
1017,???
1846,???
952,???
1132,???
2096,???
2895,???
2638,???
3664,???
3972,???
2569,???
988,???
2953,???
1445,???
3272,???
3788,???
1415,???
2256,???
172,???
3577,???
3773,???
2418,???
2625,???
1725,???
1165,???
938,???
1936,???
1712,???
1810,???
2536,???
223,???
1249,???
1620,???
1578,???
2237,???
1686,???
3125,???
289,???
994,???
3822,???
650,???
622,???
767,???
785,???
3213,???
305,???
2525,???
2967,???
501,???
2465,???
701,???
3228,???
3129,???
1767,???
1802,???
207,???
969,???
2923,???
2791,???
2629,???
712,???
1959,???
1765,???
1341,???
1516,???
2928,???
1095,???
1330,???
568,???
1724,???
3984,???
1090,???
3257,???
2865,???
910,???
2730,???
518,???
2375,???
2187,???
1498,???
634,???
898,???
3889,???
3715,???
103,???
2774,???
339,???
309,???
1956,???
1645,???
282,???
2504,???
166,???
2911,???
2571,???
313,???
3106,???
2558,???
2186,???
1031,???
295,???
80,???
1750,???
3159,???
801,???
343,???
2593,???
2281,???
2686,???
1427,???
2701,???
2163,???
1531,???
3195,???
1370,???
3978,???
1229,???
3567,???
2431,???
3810,???
3574,???
262,???
2258,???
10,???
2775,???
3842,???
2801,???
3446,???
3739,???
2737,???
717,???
1535,???
1092,???
681,???
3405,???
2517,???
1588,???
1364,???
2869,???
1841,???
136,???
1283,???
1411,???
708,???
1815,???
257,???
2643,???
1489,???
2710,???
3138,???
3985,???
3260,???
2805,???
1622,???
2605,???
2447,???
1740,???
1787,???
2893,???
2243,???
2591,???
3650,???
1624,???
6,???
3636,???
1602,???
121,???
3867,???
904,???
1715,???
3431,???
438,???
3540,???
180,???
2302,???
670,???
61,???
2721,???
3703,???
545,???
2436,???
624,???
1925,???
2354,???
2852,???
2338,???
1870,???
2741,???
1010,???
3936,???
838,???
3053,???
3920,???
2141,???
2699,???
410,???
167,???
1738,???
667,???
1167,???
1562,???
3028,???
2342,???
1944,???
1755,???
3162,???
1864,???
1462,???
3700,???
260,???
2547,???
2684,???
1354,???
839,???
2476,???
3785,???
1844,???
1439,???
1162,???
881,???
849,???
876,???
3151,???
2689,???
2979,???
1339,???
861,???
845,???
14,???
120,???
38,???
2712,???
202,???
413,???
3659,???
3448,???
3395,???
934,???
2855,???
3020,???
1884,???
3005,???
3067,???
288,???
1746,???
1901,???
1409,???
3488,???
3264,???
421,???
1617,???
863,???
1905,???
2421,???
3428,???
3892,???
862,???
3740,???
2542,???
2222,???
3744,???
3895,???
2295,???
2455,???
619,???
1164,???
1379,???
3783,???
1555,???
3316,???
241,???
915,???
948,???
2245,???
1709,???
3018,???
926,???
485,???
57,???
3910,???
1687,???
2477,???
2840,???
2068,???
3363,???
2148,???
3169,???
2093,???
2384,???
1532,???
3716,???
858,???
761,???
2565,???
2862,???
3171,???
3202,???
2742,???
2037,???
3885,???
1999,???
3232,???
3914,???
466,???
3206,???
1794,???
3545,???
1872,???
2193,???
707,???
655,???
1301,???
1454,???
2065,???
1482,???
1920,???
3359,???
521,???
1971,???
2282,???
2009,???
1270,???
187,???
734,???
1112,???
1055,???
2279,???
1365,???
294,???
1650,???
3499,???
2494,???
691,???
3755,???
909,???
1198,???
3588,???
2116,???
2798,???
1485,???
2961,???
700,???
1735,???
1527,???
831,???
1241,???
1199,???
647,???
3817,???
2263,???
945,???
991,???
1136,???
2391,???
2069,???
1777,???
1877,???
2428,???
2219,???
307,???
2398,???
3728,???
3990,???
278,???
3516,???
1492,???
3167,???
3374,???
1262,???
2294,???
1946,???
2261,???
2005,???
2118,???
2772,???
3674,???
1338,???
3515,???
547,???
460,???
456,???
980,???
2056,???
3423,???
1731,???
1114,???
1389,???
165,???
2642,???
3293,???
3399,???
1501,???
3594,???
198,???
3933,???
3315,???
2236,???
3555,???
437,???
515,???
981,???
291,???
2201,???
1817,???
970,???
1361,???
964,???
1900,???
2444,???
3808,???
2590,???
2308,???
2885,???
3832,???
3537,???
122,???
850,???
672,???
2959,???
2926,???
264,???
2813,???
3384,???
3375,???
1966,???
1314,???
3498,???
1783,???
3031,???
1540,???
3946,???
3420,???
2769,???
1744,???
445,???
3490,???
2762,???
3557,???
1293,???
2300,???
1513,???
1106,???
1990,???
3376,???
1412,???
3680,???
1005,???
2582,???
3707,???
3300,???
788,???
1448,???
3194,???
804,???
3081,???
1144,???
3539,???
835,???
395,???
3392,???
3099,???
2579,???
23,???
2024,???
1163,???
931,???
2511,???
277,???
2110,???
1913,???
443,???
2814,???
2551,???
259,???
111,???
1292,???
2492,???
3433,???
2871,???
3314,???
3576,???
3170,???
2859,???
1205,???
3513,???
2026,???
1801,???
2997,???
3203,???
1613,???
1150,???
2440,???
1691,???
2224,???
1518,???
26,???
935,???
1276,???
2473,???
3603,???
1986,???
599,???
1369,???
2598,???
917,???
140,???
88,???
2649,???
3329,???
237,???
194,???
182,???
556,???
3843,???
1557,???
3523,???
2164,???
3884,???
290,???
693,???
1832,???
402,???
1298,???
2884,???
3800,???
171,???
1621,???
1856,???
3048,???
3805,???
791,???
2696,???
462,???
2948,???
130,???
2538,???
2828,???
1325,???
2486,???
3538,???
1671,???
329,???
1235,???
483,???
3456,???
3220,???
3285,???
1182,???
2283,???
2276,???
1659,???
2824,???
3091,???
3163,???
191,???
2134,???
2379,???
3231,???
3569,???
3781,???
1895,???
966,???
2140,???
577,???
1517,???
2174,???
2365,???
3926,???
1681,???
2724,???
422,???
3541,???
1157,???
1363,???
2102,???
2178,???
2070,???
1456,???
1209,???
72,???
213,???
1995,???
979,???
3190,???
1570,???
1514,???
3888,???
3651,???
118,???
2523,???
2853,???
3818,???
1609,???
1722,???
916,???
803,???
1374,???
503,???
3411,???
1776,???
505,???
3493,???
860,???
3928,???
2794,???
2945,???
864,???
2017,???
1110,???
2778,???
185,???
1049,???
987,???
1490,???
444,???
2611,???
3434,???
3702,???
1024,???
1040,???
381,???
135,???
1967,???
2228,???
710,???
1714,???
3122,???
2209,???
1282,???
882,???
3531,???
2214,???
1780,???
3553,???
208,???
2896,???
954,???
1258,???
108,???
3923,???
494,???
156,???
3697,???
2841,???
2830,???
1324,???
3662,???
2647,???
2482,???
833,???
2817,???
2499,???
3090,???
3879,???
2620,???
1599,???
2515,???
2109,???
778,???
1142,???
1961,???
3863,???
2624,???
3844,???
3460,???
3225,???
1611,???
232,???
3051,???
3483,???
3344,???
1319,???
2268,???
3609,???
1488,???
336,???
3243,???
459,???
3934,???
372,???
3246,???
1123,???
1036,???
949,???
743,???
1989,???
1197,???
1561,???
1533,???
36,???
1191,???
3894,???
3439,???
2249,???
3360,???
2631,???
1254,???
425,???
2162,???
2666,???
1640,???
2406,???
3054,???
216,???
2029,???
1043,???
1510,???
2803,???
368,???
335,???
1137,???
3876,???
3022,???
1713,???
3627,???
3335,???
3638,???
1021,???
1769,???
3963,???
2058,???
2714,???
506,???
1751,???
576,???
2425,???
301,???
107,???
116,???
231,???
674,???
1496,???
3044,???
424,???
157,???
276,???
67,???
345,???
1069,???
2104,???
3417,???
151,???
1911,???
925,???
1416,???
125,???
1515,???
3070,???
1125,???
3447,???
1983,???
442,???
3624,???
3382,???
2722,???
3294,???
2815,???
559,???
4,???
1477,???
2765,???
2771,???
1935,???
3410,???
2401,???
2328,???
3326,???
2072,???
3732,???
3004,???
2103,???
3322,???
2548,???
956,???
3641,???
1760,???
2944,???
2155,???
1061,???
2922,???
648,???
3754,???
2032,???
2681,???
3791,???
196,???
48,???
2041,???
865,???
2333,???
3132,???
488,???
2562,???
268,???
1038,???
2397,???
1788,???
247,???
70,???
3209,???
2424,???
1970,???
2377,???
3993,???
3458,???
361,???
2705,???
936,???
261,???
1932,???
1669,???
2241,???
2349,???
1569,???
605,???
760,???
1329,???
1889,???
561,???
2094,???
179,???
2621,???
1948,???
3558,???
163,???
627,???
1608,???
1737,???
401,???
3389,???
1222,???
3007,???
197,???
2011,???
3085,???
2584,???
427,???
2066,???
2014,???
3767,???
3459,???
3575,???
866,???
1950,???
1360,???
1091,???
2143,???
1148,???
1809,???
2870,???
2156,???
212,???
3581,???
2407,???
3247,???
224,???
3559,???
540,???
1217,???
2054,???
3734,???
1575,???
2831,???
3121,???
2650,???
1827,???
3671,???
431,???
1340,???
2165,???
3583,???
3570,???
2832,???
1675,???
3675,???
1336,???
2984,???
676,???
747,???
2161,???
888,???
3188,???
511,???
2691,???
1861,???
1762,???
1753,???
3956,???
2651,???
2369,???
2351,???
3812,???
2982,???
3661,???
274,???
2299,???
1084,???
1399,???
1958,???
3373,???
66,???
1733,???
124,???
3073,???
318,???
3212,???
2235,???
303,???
2374,???
1350,???
1706,???
2195,???
3713,???
2320,???
2616,???
1938,???
1281,???
1045,???
2277,???
3052,???
2894,???
814,???
813,???
562,???
3165,???
3023,???
280,???
3564,???
137,???
1269,???
2184,???
902,???
1589,???
1797,???
2932,???
2012,???
79,???
3253,???
403,???
33,???
497,???
2234,???
594,???
1718,???
999,???
1808,???
2372,???
680,???
3181,???
1072,???
1210,???
1534,???
1153,???
3507,???
2479,???
2170,???
1680,???
1207,???
661,???
3571,???
3251,???
2927,???
2995,???
903,???
3835,???
2907,???
3273,???
757,???
3711,???
3160,???
2892,???
1530,???
3364,???
617,???